cve,nombre,distrito,lat,lon,area,geometry_geojson
12-205,2 DE OCTUBRE,14,19.272159173985003,-99.23054298162664,2.2140086863615284e-05,"{""type"": ""Polygon"", ""coordinates"": [[[-99.2334388730516, 19.2725598509651], [-99.2338571309654, 19.274353885962004], [-99.22893726775838, 19.2756377456679], [-99.22887604274558, 19.266944235779697], [-99.2316964082399, 19.273040555232605], [-99.2334388730516, 19.2725598509651]]]}"
12-001,AHUACATITLA,19,19.208117371853103,-99.1647116856346,1.7651973414201943e-05,"{""type"": ""Polygon"", ""coordinates"": [[[-99.16862004163121, 19.2074284655327], [-99.16772109352519, 19.210132082227695], [-99.1606951527522, 19.208908766122303], [-99.16172002550431, 19.2055896605045], [-99.1636682198632, 19.207768092146804], [-99.16862004163121, 19.2074284655327]]]}"
12-082,AMPLIACION LOMAS DE PADIERNA,14,19.296907186419862,-99.22012278510194,2.696507604161182e-06,"{""type"": ""Polygon"", ""coordinates"": [[[-99.2190971367689, 19.2974555204371], [-99.2197301103522, 19.295696720775002], [-99.221150289571, 19.296751313889693], [-99.220870172748, 19.2978103649832], [-99.2190971367689, 19.2974555204371]]]}"
12-002,AMPLIACION MIGUEL HIDALGO 2A SECC,14,19.282481312473283,-99.19782612890809,9.485358834758324e-05,"{""type"": ""Polygon"", ""coordinates"": [[[-99.1912178109363, 19.281158038741502], [-99.2014668722876, 19.2770425314791], [-99.2048217771066, 19.286522492211798], [-99.1937380960432, 19.287091777368303], [-99.1902199263965, 19.284216241975795], [-99.19276418814299, 19.283112735219998], [-99.1912178109363, 19.281158038741502]]]}"
12-003,AMPLIACION MIGUEL HIDALGO 3A SECC,14,19.280002778598735,-99.20676984430386,8.673131852257106e-05,"{""type"": ""Polygon"", ""coordinates"": [[[-99.2110164838337, 19.283130501161505], [-99.2097962506327, 19.2862933204052], [-99.2048217771066, 19.286522492211798], [-99.2014668722876, 19.2770425314791], [-99.2057853463289, 19.276258258920397], [-99.2055574649023, 19.272531604595592], [-99.20351539990992, 19.271718286155295], [-99.20356843041101, 19.270016698551803], [-99.20564199648608, 19.269783101878], [-99.20730468149429, 19.2745693703866], [-99.2123549151801, 19.279470221262503], [-99.2110164838337, 19.283130501161505]]]}"
12-004,AMPLIACION MIGUEL HIDALGO 4A SECC,14,19.27351444526613,-99.21032575658784,5.173796863429369e-05,"{""type"": ""Polygon"", ""coordinates"": [[[-99.21281189821269, 19.276424530599996], [-99.21354958796421, 19.278523130968203], [-99.2123549151801, 19.279470221262503], [-99.20730468149429, 19.2745693703866], [-99.2060532833026, 19.272327328591796], [-99.20853319757461, 19.2714329398232], [-99.20681682373382, 19.270367068283097], [-99.20690717870572, 19.2683809172845], [-99.2147536434344, 19.272643070137196], [-99.2118238961771, 19.2751198237271], [-99.21281189821269, 19.276424530599996]]]}"
12-005,AMSA,16,19.285012308710577,-99.13886898837865,1.2073669170924589e-05,"{""type"": ""Polygon"", ""coordinates"": [[[-99.1405571234125, 19.283688744674695], [-99.13997102962891, 19.287539557703198], [-99.136577842757, 19.286067812265003], [-99.1389430720253, 19.282234821504396], [-99.1405571234125, 19.283688744674695]]]}"
12-007,ARBOLEDAS DEL SUR,16,19.29279131348983,-99.13891921050639,3.398199382997464e-05,"{""type"": ""Polygon"", ""coordinates"": [[[-99.1413625387448, 19.293598441922793], [-99.1452151793222, 19.294823988078893], [-99.1361055925184, 19.295186393391], [-99.1353668126828, 19.288916478200797], [-99.1407747271385, 19.290496290164704], [-99.1413625387448, 19.293598441922793]]]}"
12-008,ARENAL GUADALUPE TLALPAN,16,19.2866042319479,-99.14624039231673,3.138392445531095e-05,"{""type"": ""Polygon"", ""coordinates"": [[[-99.1389430720253, 19.282234821504396], [-99.14659692175958, 19.284739306601605], [-99.1514872094921, 19.2901002638163], [-99.1495789063755, 19.291328721030695], [-99.1389430720253, 19.282234821504396]]]}"
12-009,ARENAL PUERTA TEPEPAN,16,19.28562708140526,-99.15006675631344,4.2409122421595864e-05,"{""type"": ""Polygon"", ""coordinates"": [[[-99.1411579863867, 19.281220310243597], [-99.15615532809629, 19.285766928998797], [-99.1569328220163, 19.286629850994103], [-99.1514872094921, 19.2901002638163], [-99.1474385190939, 19.2853461983648], [-99.14102585165192, 19.2825025790631], [-99.1411579863867, 19.281220310243597]]]}"
12-010,ATOCPA SUR,19,19.256275596459194,-99.19322640936608,7.195219192746184e-05,"{""type"": ""Polygon"", ""coordinates"": [[[-99.18428922785432, 19.2551903728034], [-99.1862502769877, 19.252066694476397], [-99.1893366324992, 19.2517944914722], [-99.197796203721, 19.2545070382457], [-99.200271296336, 19.2589008990832], [-99.19726772219019, 19.261924628486305], [-99.19261573005042, 19.2598561433601], [-99.19231384190628, 19.255073170453], [-99.18428922785432, 19.2551903728034]]]}"
12-011,"AYOCATITLA,  ASUNCIÓN",19,19.184542764121996,-99.14799747567977,6.678980409302329e-05,"{""type"": ""Polygon"", ""coordinates"": [[[-99.1497388956675, 19.1904106251801], [-99.14603564743952, 19.1904002969799], [-99.1441233670096, 19.1854383634461], [-99.1443879353319, 19.181208162151098], [-99.14768702728789, 19.179333954267396], [-99.1526075764829, 19.181356374568892], [-99.1497388956675, 19.1904106251801]]]}"
12-069,BARRIO LA  LONJA,14,19.29132524258963,-99.18030494041643,1.0248611975546247e-05,"{""type"": ""Polygon"", ""coordinates"": [[[-99.1809150116502, 19.290007117832097], [-99.182503395582, 19.290824616790893], [-99.18210806709119, 19.29277016636709], [-99.1782241037875, 19.292505837869598], [-99.1796108710551, 19.289292014070295], [-99.1809150116502, 19.290007117832097]]]}"
12-215,BELISARIO DOMINGUEZ,16,19.28950411079737,-99.15558581694134,2.3613637733051547e-05,"{""type"": ""Polygon"", ""coordinates"": [[[-99.1537914324959, 19.2930872613246], [-99.1514872094921, 19.2901002638163], [-99.1569328220163, 19.286629850994103], [-99.1596257944435, 19.2882934444176], [-99.1537914324959, 19.2930872613246]]]}"
12-013,BELVEDERE,14,19.268822713756574,-99.22703386550957,1.9110710454172213e-05,"{""type"": ""Polygon"", ""coordinates"": [[[-99.2255263214224, 19.2681968202481], [-99.2252054771779, 19.266417362987998], [-99.22802760490171, 19.2659504145176], [-99.22887878383682, 19.2715525572635], [-99.2244805355494, 19.270412425779703], [-99.2255263214224, 19.2681968202481]]]}"
12-014,BOSQUE DE TEPEXIMILPA,14,19.276826104035113,-99.19029794975467,1.2747690142383864e-05,"{""type"": ""Polygon"", ""coordinates"": [[[-99.19054090976832, 19.2745290818523], [-99.19052567746121, 19.274746114987696], [-99.19332013896998, 19.2794794242299], [-99.1912530178371, 19.279524080579897], [-99.190642826222, 19.277192282492592], [-99.18704420826771, 19.276944192908296], [-99.1879840849082, 19.274367572009403], [-99.19054090976832, 19.2745290818523]]]}"
12-016,BOSQUES DEL PEDREGAL,14,19.271967515874742,-99.23911720244138,2.568239134527085e-05,"{""type"": ""Polygon"", ""coordinates"": [[[-99.2364960636568, 19.275276739441292], [-99.2354272745953, 19.2698100119276], [-99.2437319062591, 19.2710563871399], [-99.2425870397721, 19.272970973576793], [-99.2364422126897, 19.2738029923082], [-99.2364960636568, 19.275276739441292]]]}"
12-017,CALVARIO CAMISETAS,16,19.288686070410638,-99.17718842261493,1.046771729863239e-05,"{""type"": ""Polygon"", ""coordinates"": [[[-99.1791654444308, 19.289950147228197], [-99.1774716653797, 19.2892189220885], [-99.17386213310911, 19.2898240702188], [-99.17727735388941, 19.2867828666182], [-99.18027019611861, 19.2883178269658], [-99.1791654444308, 19.289950147228197]]]}"
12-018,CANTERA PUENTE DE PIEDRA,16,19.299231168976377,-99.16422805971757,2.2754060263267845e-05,"{""type"": ""Polygon"", ""coordinates"": [[[-99.1672016895096, 19.297700600334], [-99.1660177682302, 19.301786377297898], [-99.1593527241063, 19.3000527165893], [-99.1617043743871, 19.299911354370998], [-99.1640983551503, 19.2960444996348], [-99.1672016895096, 19.297700600334]]]}"
12-019,CHICHICASPATL,14,19.275801161801827,-99.24352205264549,1.32491913962884e-05,"{""type"": ""Polygon"", ""coordinates"": [[[-99.24465135813021, 19.279783171457503], [-99.24178647664161, 19.276096223609798], [-99.2417803053238, 19.2731052039922], [-99.2441375273731, 19.272301537381797], [-99.24465135813021, 19.279783171457503]]]}"
12-020,CHIMALCOYOC,16,19.273820696965025,-99.16519220055031,4.171911009339683e-05,"{""type"": ""Polygon"", ""coordinates"": [[[-99.17110514209, 19.275016722127194], [-99.1688383077094, 19.274094668053095], [-99.1673377662914, 19.2784259400429], [-99.1660854762368, 19.2760338964002], [-99.16289227644211, 19.2775100521542], [-99.1634604673889, 19.2761437135202], [-99.1609108447548, 19.272675780067296], [-99.1623170166116, 19.269907847028797], [-99.17154581262211, 19.2735416184577], [-99.17110514209, 19.275016722127194]]]}"
12-022,CHIMILLI,14,19.268836587858612,-99.219268613788,2.162347470724447e-05,"{""type"": ""Polygon"", ""coordinates"": [[[-99.2223117861079, 19.268398081740095], [-99.2164482219287, 19.271636224830896], [-99.2137045544108, 19.2686817671091], [-99.22395262203241, 19.266361138150888], [-99.2223117861079, 19.268398081740095]]]}"
12-023,CLUB DE GOLF MEXICO-SAN BUENAVENTURA,16,19.280564740523328,-99.1562187126158,0.00010154370264618871,"{""type"": ""Polygon"", ""coordinates"": [[[-99.1594470152178, 19.275485548663795], [-99.16070219081172, 19.275962093821995], [-99.1596575869768, 19.277525492790396], [-99.16231093514959, 19.2786579867632], [-99.1607684962664, 19.2808850741113], [-99.16293361859148, 19.2814564973468], [-99.1604106047902, 19.284367669754996], [-99.1569328220163, 19.286629850994103], [-99.1485058527545, 19.283397644456596], [-99.15074693668309, 19.278947783262005], [-99.1533171176044, 19.2785097511689], [-99.1548238183074, 19.2734555626007], [-99.1594470152178, 19.275485548663795]]]}"
12-024,COAPA 2A SECCION-RAMOS MILLAN,16,19.299329554836106,-99.11780520578068,2.4208775535346686e-05,"{""type"": ""Polygon"", ""coordinates"": [[[-99.11784582618688, 19.301562999097296], [-99.1158703483095, 19.301100183902598], [-99.1152747474614, 19.298148209287998], [-99.11403173382341, 19.2980234655655], [-99.1144834198116, 19.295045878176797], [-99.1166135073896, 19.298025935779503], [-99.1191222485782, 19.297063575592897], [-99.121887795472, 19.3027856526938], [-99.11784582618688, 19.301562999097296]]]}"
12-093,COAPA-VILLA CUEMANCO,16,19.293379153504652,-99.11074710495822,2.14956087360765e-05,"{""type"": ""Polygon"", ""coordinates"": [[[-99.11329778312088, 19.294835867123805], [-99.1132150425678, 19.296369218955103], [-99.11012826675278, 19.2957903985281], [-99.11036821739361, 19.294291512469105], [-99.10563292205228, 19.293190295305106], [-99.112930600967, 19.2902690674132], [-99.11329778312088, 19.294835867123805]]]}"
12-025,COLINAS DEL BOSQUE-LAS TORTOLAS,16,19.278217502575338,-99.14944393605646,4.3058831602622356e-05,"{""type"": ""Polygon"", ""coordinates"": [[[-99.147589314838, 19.2831046193947], [-99.14774223445109, 19.2817110312725], [-99.1450184816173, 19.280387535848803], [-99.14616265267432, 19.2769172812637], [-99.1489354650813, 19.2789346360573], [-99.1496583692661, 19.278121180177596], [-99.1479167121737, 19.2746029741447], [-99.15400114000511, 19.275495271894197], [-99.1533171176044, 19.2785097511689], [-99.15074693668309, 19.278947783262005], [-99.1508870181075, 19.2808497655051], [-99.147589314838, 19.2831046193947]]]}"
12-026,CONDOMINIO DEL BOSQUE (FRACC)-BOSQUE DE TLALPAN,14,19.291381394177282,-99.19829383060072,0.0002417863990970796,"{""type"": ""Polygon"", ""coordinates"": [[[-99.19589417421071, 19.286092919172205], [-99.2095171621802, 19.2861234001139], [-99.2123102603618, 19.2881162951778], [-99.21083307844881, 19.292495866652803], [-99.2121854334542, 19.293243435952697], [-99.20552273957699, 19.292907514604696], [-99.20530901374498, 19.297655567344997], [-99.18905098417771, 19.2963279115392], [-99.1845771295775, 19.2943265859072], [-99.1875644090966, 19.2872559055207], [-99.19589417421071, 19.286092919172205]]]}"
12-218,CONJUNTO HABITACIONAL PEDREGAL DEL LAGO,14,19.309479525107996,-99.2245591291239,4.385545989764738e-06,"{""type"": ""Polygon"", ""coordinates"": [[[-99.2240413170573, 19.310913034753998], [-99.2231492084319, 19.3097356601892], [-99.22490249679728, 19.307888926706795], [-99.22600979743719, 19.3090685335706], [-99.2240413170573, 19.310913034753998]]]}"
12-027,CONJUNTO URBANO CUEMANCO (U HAB),16,19.296706291885265,-99.1053436492907,6.284219667457168e-06,"{""type"": ""Polygon"", ""coordinates"": [[[-99.1056129810452, 19.2933913269421], [-99.1061531022657, 19.29962655891489], [-99.1049827601848, 19.299694907809002], [-99.1045740732387, 19.293620271442098], [-99.1056129810452, 19.2933913269421]]]}"
12-029,CRUZ DEL FAROL,14,19.269073373185098,-99.20961186962178,3.1009994153852544e-05,"{""type"": ""Polygon"", ""coordinates"": [[[-99.20560848692709, 19.269598791080995], [-99.2045028588694, 19.266232260810796], [-99.2058539304105, 19.265266644807898], [-99.2137045544108, 19.2686817671091], [-99.216687797347, 19.271829810241492], [-99.2147536434344, 19.272643070137196], [-99.2082849060266, 19.2682690650926], [-99.2064690487767, 19.268788321608397], [-99.20853319757461, 19.2714329398232], [-99.2061115213814, 19.272185431138393], [-99.20560848692709, 19.269598791080995]]]}"
12-030,CUCHILLA DE PADIERNA,14,19.27619615634739,-99.21837748112573,1.84495393143122e-05,"{""type"": ""Polygon"", ""coordinates"": [[[-99.21836812790909, 19.274791015253], [-99.22045333015228, 19.2727094678071], [-99.2213631020545, 19.278157676309295], [-99.2143935321018, 19.2771137699371], [-99.21836812790909, 19.274791015253]]]}"
12-031,CUILOTEPEC II,14,19.26788215313092,-99.23152526494607,7.625604973454268e-06,"{""type"": ""Polygon"", ""coordinates"": [[[-99.2289802591796, 19.2662335235098], [-99.23419740754389, 19.2672993930782], [-99.2337751150611, 19.2693024568477], [-99.23071444780392, 19.268628363684595], [-99.2289802591796, 19.2662335235098]]]}"
12-032,CULTURA MAYA,14,19.275886342273285,-99.22301661746499,2.153998357653975e-05,"{""type"": ""Polygon"", ""coordinates"": [[[-99.2257356975808, 19.278713749761792], [-99.2213515482311, 19.277966296315597], [-99.22045333015228, 19.2727094678071], [-99.22539604191331, 19.2749915274256], [-99.2257356975808, 19.278713749761792]]]}"
12-033,DIAMANTE,14,19.27086922839342,-99.19359927267315,4.8185278214141505e-06,"{""type"": ""Polygon"", ""coordinates"": [[[-99.19456758698142, 19.271857025303603], [-99.191946724199, 19.271310103072896], [-99.1930001296411, 19.26946818332669], [-99.1950657675491, 19.2701783005986], [-99.19456758698142, 19.271857025303603]]]}"
12-034,DOLORES TLALI,16,19.2417972937323,-99.14580347488551,1.4927787447149227e-05,"{""type"": ""Polygon"", ""coordinates"": [[[-99.1441911203219, 19.2443612639192], [-99.1439040782804, 19.239734221206398], [-99.14610869685191, 19.239329248852492], [-99.148343591799, 19.243026849294395], [-99.1441911203219, 19.2443612639192]]]}"
12-035,EJIDOS DE SAN PEDRO MARTIR I (NORTE),16,19.27211312393411,-99.15697499352326,3.7949421264406387e-05,"{""type"": ""Polygon"", ""coordinates"": [[[-99.1594470152178, 19.275485548663795], [-99.1548238183074, 19.2734555626007], [-99.15400114000511, 19.275495271894197], [-99.15253477058819, 19.274546770479397], [-99.1544644193271, 19.268912661993095], [-99.1611312016328, 19.270532680466403], [-99.1594470152178, 19.275485548663795]]]}"
12-219,EJIDOS DE SAN PEDRO MARTIR II (SUR),16,19.267446927121753,-99.15887205323787,3.782060952428837e-05,"{""type"": ""Polygon"", ""coordinates"": [[[-99.16125654528912, 19.271659371227397], [-99.15338604840659, 19.268380590684995], [-99.153585082378, 19.267353439802196], [-99.1548480745783, 19.2659503988876], [-99.16340347812358, 19.264913580473102], [-99.16125654528912, 19.271659371227397]]]}"
12-036,EL ARENAL,19,19.20710840288072,-99.138188516225,2.5670086560670334e-05,"{""type"": ""Polygon"", ""coordinates"": [[[-99.1393780111377, 19.209567560137796], [-99.1342029531565, 19.2091164930407], [-99.1368731064806, 19.2051015955769], [-99.1407195682866, 19.203309800662495], [-99.1414384616004, 19.20520645143041], [-99.1393780111377, 19.209567560137796]]]}"
12-037,EL DIVISADERO,16,19.25357758989413,-99.15889548702707,3.446822944499672e-06,"{""type"": ""Polygon"", ""coordinates"": [[[-99.15867726502981, 19.2527935084197], [-99.1603253586068, 19.253198670443698], [-99.1601006552433, 19.254521232040698], [-99.1572924684649, 19.2540290667108], [-99.15867726502981, 19.2527935084197]]]}"
12-039,EL ZACATON,14,19.26758015376191,-99.24279974235111,2.325435920491019e-05,"{""type"": ""Polygon"", ""coordinates"": [[[-99.2411502285094, 19.270378249677194], [-99.24066267267, 19.2643848945909], [-99.2427202885933, 19.266537838653296], [-99.2459254183427, 19.266026571500294], [-99.2437319062591, 19.2710563871399], [-99.2411502285094, 19.270378249677194]]]}"
12-040,EMILIO PORTES GIL PEMEX PICACHO (U HAB),14,19.301828353781556,-99.21960035783478,2.85966657452257e-05,"{""type"": ""Polygon"", ""coordinates"": [[[-99.21999219056973, 19.306364372587893], [-99.216927838721, 19.305851960905898], [-99.2190971367689, 19.2974555204371], [-99.221150289571, 19.296751313889693], [-99.2222855393127, 19.2976166629512], [-99.21999219056973, 19.306364372587893]]]}"
12-042,EX HACIENDA SAN JUAN DE DIOS,16,19.288091499821633,-99.13182017400348,3.0213450498118383e-05,"{""type"": ""Polygon"", ""coordinates"": [[[-99.1358951819453, 19.287487820197008], [-99.1354206294488, 19.289470383401998], [-99.1315528501521, 19.291608450696696], [-99.1271410357508, 19.286860589885393], [-99.1346440674251, 19.285267359467593], [-99.1336415213363, 19.286928705581598], [-99.1358951819453, 19.287487820197008]]]}"
12-043,FLORESTA-PRADO-VERGEL COAPA,16,19.30307178064077,-99.12844150009859,3.392220227770936e-05,"{""type"": ""Polygon"", ""coordinates"": [[[-99.1319035789431, 19.3042124441959], [-99.1319630930355, 19.306981731327195], [-99.1245176589062, 19.303824468560595], [-99.1249307928313, 19.300272550360795], [-99.1295264939405, 19.299853328205398], [-99.1289966072859, 19.301599737263494], [-99.13159776461978, 19.301993750571295], [-99.1319035789431, 19.3042124441959]]]}"
12-045,FOVISSSTE SAN PEDRO MARTIR ( U HAB),16,19.27452958916894,-99.16068715485916,3.785767225144105e-06,"{""type"": ""Polygon"", ""coordinates"": [[[-99.16070219081172, 19.275962093821995], [-99.1594470152178, 19.275485548663795], [-99.1609108447548, 19.272675780067296], [-99.16165588521251, 19.2749692004494], [-99.16070219081172, 19.275962093821995]]]}"
12-046,FRESNO,14,19.277764835034567,-99.18999571627563,2.7231682064209793e-06,"{""type"": ""Polygon"", ""coordinates"": [[[-99.1909783965319, 19.2782922586182], [-99.1900417814203, 19.279057251814596], [-99.1888845597045, 19.2771047905921], [-99.190642826222, 19.277192282492592], [-99.1909783965319, 19.2782922586182]]]}"
12-047,FUENTES BROTANTES MIGUEL HIDALGO (U HAB),16,19.281753712613266,-99.18571957120815,4.055614862891618e-05,"{""type"": ""Polygon"", ""coordinates"": [[[-99.1917852538615, 19.279748525381596], [-99.18027019611861, 19.2883178269658], [-99.17848190586702, 19.2875381974927], [-99.1839093367994, 19.2837750674021], [-99.18323223038568, 19.281898995374096], [-99.18704420826771, 19.276944192908296], [-99.1917852538615, 19.279748525381596]]]}"
12-049,FUENTES DEL PEDREGAL,14,19.30385045213001,-99.21955456170876,0.00017753911862267757,"{""type"": ""Polygon"", ""coordinates"": [[[-99.2240413170573, 19.310913034753998], [-99.21885643435202, 19.310666286087496], [-99.2150634387432, 19.307468799144303], [-99.2037729251526, 19.3049909050813], [-99.208962998843, 19.300286948150305], [-99.2082698828785, 19.3024930520604], [-99.2109585567347, 19.303971802839403], [-99.2160051277894, 19.294652128515303], [-99.2183743665685, 19.2947384197053], [-99.2196776063706, 19.2957311970143], [-99.21696992833841, 19.3061306519558], [-99.2201113267277, 19.306333599201295], [-99.22066354338881, 19.303857395348196], [-99.2271914144101, 19.3026026745275], [-99.2268582007634, 19.298810913421097], [-99.2332371290297, 19.300785467382497], [-99.23128053487709, 19.305223561247995], [-99.2252417778052, 19.30987201458099], [-99.22490249679728, 19.307888926706795], [-99.2231492084319, 19.3097356601892], [-99.2240413170573, 19.310913034753998]]]}"
12-048,FUENTES Y PEDREGAL DE TEPEPAN,16,19.270180106745517,-99.14917082246518,4.422151002387322e-05,"{""type"": ""Polygon"", ""coordinates"": [[[-99.1472991220273, 19.266777091962297], [-99.1520771777455, 19.2671914761661], [-99.1518294043443, 19.2698563875601], [-99.1537502404901, 19.2697167703654], [-99.15253477058819, 19.274546770479397], [-99.14902208357802, 19.273998956646196], [-99.1498199174082, 19.271458672110494], [-99.14290666569, 19.269386797618097], [-99.1431504784033, 19.267357152021894], [-99.1472991220273, 19.266777091962297]]]}"
12-050,GRANJAS COAPA,16,19.295283240930168,-99.11428028841785,3.458548371157292e-05,"{""type"": ""Polygon"", ""coordinates"": [[[-99.11503429790619, 19.295146598714], [-99.11403173382341, 19.2980234655655], [-99.1152747474614, 19.298148209287998], [-99.1158703483095, 19.301100183902598], [-99.11147315035632, 19.300055372855095], [-99.11351614922378, 19.2948797205886], [-99.112930600967, 19.2902690674132], [-99.11467907610731, 19.289506097458997], [-99.11760481913392, 19.293995420047796], [-99.11503429790619, 19.295146598714]]]}"
12-051,GRANJAS COAPA ORIENTE,16,19.29645292653825,-99.10828770396269,1.830186614147832e-05,"{""type"": ""Polygon"", ""coordinates"": [[[-99.1074984444108, 19.2995514091868], [-99.1069828883882, 19.299578064879995], [-99.1058242607507, 19.293431325889202], [-99.11036821739361, 19.294291512469105], [-99.1094650755264, 19.299612278386604], [-99.1074984444108, 19.2995514091868]]]}"
12-053,HACIENDA SAN JUAN-RINCON DE SAN JUAN-CHIMALI,16,19.28949439877015,-99.1431131066863,5.0653337938041094e-05,"{""type"": ""Polygon"", ""coordinates"": [[[-99.1413625387448, 19.293598441922793], [-99.1396022579928, 19.2901587729132], [-99.1405571234125, 19.283688744674695], [-99.1391649761735, 19.282376275057505], [-99.1474285207938, 19.289172935297692], [-99.14510382495538, 19.2946901982864], [-99.1413625387448, 19.293598441922793]]]}"
12-055,HEROES DE 1910,19,19.248269499084042,-99.23245696842385,0.00010479368556477093,"{""type"": ""Polygon"", ""coordinates"": [[[-99.24180490286211, 19.246035434382495], [-99.24232838911631, 19.2473613646467], [-99.2329356036509, 19.2493640134011], [-99.2312885701632, 19.254906457419196], [-99.22596678968559, 19.2539736186285], [-99.2254458162726, 19.251590415571105], [-99.22790385483492, 19.2498283648586], [-99.22384299251043, 19.246611253467], [-99.24033320727779, 19.24321567799589], [-99.24180490286211, 19.246035434382495]]]}"
12-209,HEROES DE PADIERNA I,14,19.285902975121395,-99.22405203639882,6.548461137076502e-05,"{""type"": ""Polygon"", ""coordinates"": [[[-99.2272625447205, 19.2817171748619], [-99.2274195069026, 19.283129559561804], [-99.22940584283089, 19.2830043016705], [-99.2297046460377, 19.288576829401695], [-99.2175930818017, 19.289514910433695], [-99.2176481394942, 19.283883759211697], [-99.2193214274257, 19.2837169138616], [-99.2191807139333, 19.2823389828597], [-99.22042357482621, 19.282258362459], [-99.22202620046971, 19.2863511578706], [-99.2239217469233, 19.286203781335796], [-99.22344883653481, 19.280702981932397], [-99.2272625447205, 19.2817171748619]]]}"
12-210,HEROES DE PADIERNA II,14,19.280747458505434,-99.22006635474423,6.783596990796204e-05,"{""type"": ""Polygon"", ""coordinates"": [[[-99.2272625447205, 19.2817171748619], [-99.22344883653481, 19.280702981932397], [-99.2239217469233, 19.286203781335796], [-99.22202620046971, 19.2863511578706], [-99.22042357482621, 19.282258362459], [-99.2176481394942, 19.283883759211697], [-99.2123549151801, 19.279470221262503], [-99.21354958796421, 19.278523130968203], [-99.21281189821269, 19.276424530599996], [-99.22706156023891, 19.2791775356641], [-99.2272625447205, 19.2817171748619]]]}"
12-057,HUESO PERIFERICO-ISSSFAM NO. 7 (U HABS),16,19.29727440775351,-99.10252974247358,1.480583175873017e-05,"{""type"": ""Polygon"", ""coordinates"": [[[-99.10381921561331, 19.2939267980565], [-99.103881544627, 19.2998480729656], [-99.10089702459588, 19.300015493725397], [-99.10131523055269, 19.294957912090798], [-99.10381921561331, 19.2939267980565]]]}"
12-059,IGNACIO CHAVEZ (U HAB),16,19.29688606293424,-99.1043494595268,5.929936659843435e-06,"{""type"": ""Polygon"", ""coordinates"": [[[-99.104686998501, 19.293787731798698], [-99.1049827601848, 19.299694907809002], [-99.103881544627, 19.2998480729656], [-99.10381921561331, 19.2939267980565], [-99.104686998501, 19.293787731798698]]]}"
12-061,ISIDRO  FABELA (AMPL),16,19.29814373223156,-99.170822489151,5.887993856972447e-06,"{""type"": ""Polygon"", ""coordinates"": [[[-99.1746412912055, 19.2979090713588], [-99.1746884888185, 19.298542302005398], [-99.16791705903961, 19.2988122479945], [-99.16868605293229, 19.296836514274993], [-99.1694344945248, 19.298009884321797], [-99.1746412912055, 19.2979090713588]]]}"
12-060,ISIDRO FABELA I (PONIENTE),16,19.301245659389508,-99.17967025198097,4.46278158615207e-05,"{""type"": ""Polygon"", ""coordinates"": [[[-99.1740597966074, 19.2985493517432], [-99.17930789545079, 19.301157774635698], [-99.1795025414148, 19.2987298731329], [-99.1855941944679, 19.2996106238895], [-99.18597660464918, 19.302870011397292], [-99.1740864020318, 19.302890005861702], [-99.1740597966074, 19.2985493517432]]]}"
12-220,ISIDRO FABELA II (ORIENTE),16,19.300550898476352,-99.17043988216224,2.855867177352421e-05,"{""type"": ""Polygon"", ""coordinates"": [[[-99.1740864020318, 19.302890005861702], [-99.1660177682302, 19.301786377297898], [-99.1660936051854, 19.2993999432099], [-99.1740597966074, 19.2985493517432], [-99.1740864020318, 19.302890005861702]]]}"
12-062,ISSSFAM No. 1 (U HAB)-VILLA TLALPAN,16,19.2782769569173,-99.16246288134296,1.610509337541931e-05,"{""type"": ""Polygon"", ""coordinates"": [[[-99.1653304704087, 19.2768705557546], [-99.16293361859148, 19.2814564973468], [-99.1607684962664, 19.2808850741113], [-99.16231093514959, 19.2786579867632], [-99.1596575869768, 19.277525492790396], [-99.16067154800601, 19.275753107770203], [-99.1634604673889, 19.2761437135202], [-99.16289227644211, 19.277510052154106], [-99.1653304704087, 19.2768705557546]]]}"
12-064,JARDINES COAPA-BELISARIO DOMINGUEZ,16,19.304290211682073,-99.13325198549369,1.2450084457572674e-05,"{""type"": ""Polygon"", ""coordinates"": [[[-99.13163170321762, 19.301989894357497], [-99.13496710565141, 19.302429988481595], [-99.1328172148082, 19.307354241251], [-99.1319630930355, 19.306981731327195], [-99.13163170321762, 19.301989894357497]]]}"
12-065,JARDINES DE SAN JUAN,19,19.21153146873701,-99.18614515665064,0.0003013079643299171,"{""type"": ""Polygon"", ""coordinates"": [[[-99.181201623723, 19.206590173797995], [-99.1890730488419, 19.212307503418], [-99.1912018156451, 19.2112734714776], [-99.1872363465905, 19.205266015417894], [-99.18933626576252, 19.204388590756096], [-99.1905359987397, 19.1980247201001], [-99.1935641271643, 19.2022478438561], [-99.1933763501459, 19.2045395138721], [-99.1973060663723, 19.203854679278503], [-99.1988641175174, 19.208710794467297], [-99.19720952962442, 19.210982328948504], [-99.1956832052053, 19.2214515110679], [-99.1934419559231, 19.218578228447402], [-99.1861955154249, 19.216849952038295], [-99.18258482025621, 19.2195002415581], [-99.1793034899414, 19.217868712790896], [-99.1771979575918, 19.2185080747663], [-99.1738044673199, 19.216112904543305], [-99.17120130211892, 19.219903685322], [-99.1708917214832, 19.215170280862], [-99.17807600989602, 19.204867724491404], [-99.1835284956863, 19.20509562611189], [-99.181201623723, 19.206590173797995]]]}"
12-066,JARDINES DEL AJUSCO,14,19.287002910797103,-99.21428642023524,8.02730615378372e-05,"{""type"": ""Polygon"", ""coordinates"": [[[-99.2110164838337, 19.283130501161505], [-99.2123549151801, 19.279470221262503], [-99.2183929234841, 19.2852214075161], [-99.2153039744846, 19.294446924491705], [-99.21083307844881, 19.292495866652803], [-99.2123102603618, 19.2881162951778], [-99.2097962506327, 19.2862933204052], [-99.2110164838337, 19.283130501161505]]]}"
12-067,JARDINES EN LA MONTAÑA,14,19.298827511298516,-99.20523290985669,0.00011725088539038329,"{""type"": ""Polygon"", ""coordinates"": [[[-99.2038779787318, 19.305343527639803], [-99.1977673189162, 19.3028371984694], [-99.198592937257, 19.301328185211805], [-99.1968276959551, 19.3006979433832], [-99.1977625103348, 19.3000312640539], [-99.195579563438, 19.296678232003597], [-99.20530901374498, 19.297655567344997], [-99.20552273957699, 19.292907514604696], [-99.2153039744846, 19.294446924491705], [-99.2038779787318, 19.305343527639803]]]}"
12-068,JUVENTUD UNIDA,16,19.268822842011424,-99.15286617454443,4.756801795327084e-06,"{""type"": ""Polygon"", ""coordinates"": [[[-99.1524532258428, 19.270148477592304], [-99.1512717674776, 19.268927020546496], [-99.1520385615214, 19.2673105622916], [-99.15450483702051, 19.2687243212642], [-99.1524532258428, 19.270148477592304]]]}"
12-070,LA FAMA,16,19.29083457099729,-99.17667496116296,1.0956549691254283e-05,"{""type"": ""Polygon"", ""coordinates"": [[[-99.1786477713959, 19.292553100792603], [-99.17862212917738, 19.293038728967602], [-99.1741215098569, 19.2911003581478], [-99.17386213310911, 19.2898240702188], [-99.1791654444308, 19.289950147228197], [-99.1786477713959, 19.292553100792603]]]}"
12-071,LA GUADALUPANA,19,19.195098939973946,-99.15041900929964,1.91623422132237e-05,"{""type"": ""Polygon"", ""coordinates"": [[[-99.1482492466379, 19.194393804115297], [-99.15057535370698, 19.1924760497743], [-99.15183682209211, 19.1941436103577], [-99.1546545138948, 19.1941147736349], [-99.1486752924448, 19.197751568003], [-99.1470656738881, 19.196280402371993], [-99.1482492466379, 19.194393804115297]]]}"
12-072,LA JOYA,16,19.28096136831413,-99.16446836792174,2.0459410853688305e-05,"{""type"": ""Polygon"", ""coordinates"": [[[-99.1649943305602, 19.2821290113423], [-99.1640311781097, 19.2850069251375], [-99.16081048367951, 19.284025317308497], [-99.1660854762368, 19.2760338964002], [-99.1672721465643, 19.2788051997199], [-99.1649943305602, 19.2821290113423]]]}"
12-073,LA LIBERTAD - IXTLAHUACA,19,19.191058526946428,-99.14773477383471,5.35416458960682e-06,"{""type"": ""Polygon"", ""coordinates"": [[[-99.1497388956675, 19.1904106251801], [-99.1479885972612, 19.192722808266], [-99.1465108716788, 19.191866785373797], [-99.1471178104968, 19.189767940468403], [-99.1497388956675, 19.1904106251801]]]}"
12-074,LA MAGDALENA PETLACALCO (PBLO),19,19.234546205347105,-99.18334976717169,0.00019116769169143455,"{""type"": ""MultiPolygon"", ""coordinates"": [[[[-99.187453209826, 19.233232428479496], [-99.19007446990699, 19.229791999365606], [-99.1952683418246, 19.2305669090399], [-99.19224686461, 19.237752081830603], [-99.1847407449752, 19.242312151876796], [-99.1830312779221, 19.242983064488904], [-99.1826054732123, 19.2406185508332], [-99.1802784617809, 19.243255790798795], [-99.18003327424078, 19.2382511185952], [-99.17619738534358, 19.236863080369396], [-99.17373085030664, 19.23916683045071], [-99.1760649639031, 19.2302837279199], [-99.1751827279183, 19.226108006364605], [-99.1821189950678, 19.2268513762531], [-99.1834191692733, 19.227920302423698], [-99.1812572976264, 19.230246712524604], [-99.1841266742052, 19.2329723648333], [-99.187453209826, 19.233232428479496]]], [[[-99.17373085030664, 19.23916683045071], [-99.1737238625051, 19.2391901836244], [-99.17373085030661, 19.239166830450706], [-99.17373085030664, 19.23916683045071]]]]}"
12-216,LA MAGUEYERA,16,19.24446537076758,-99.1458133823954,6.412110336038686e-06,"{""type"": ""Polygon"", ""coordinates"": [[[-99.14647324359309, 19.244533129718295], [-99.1444902619021, 19.2460243043521], [-99.1426987743334, 19.2453427943652], [-99.148343591799, 19.243026849294395], [-99.14894030276112, 19.244228493692592], [-99.14647324359309, 19.244533129718295]]]}"
12-075,LA PALMA,16,19.249268976344784,-99.15724134723517,2.094146647018628e-05,"{""type"": ""Polygon"", ""coordinates"": [[[-99.15810367377618, 19.2527114761752], [-99.15584363615, 19.2519211385721], [-99.15482172646259, 19.245719387691103], [-99.15948859353051, 19.247399893018297], [-99.1591553549997, 19.252962277199295], [-99.15810367377618, 19.2527114761752]]]}"
12-076,LA PRIMAVERA,19,19.26717845693976,-99.20291592893788,2.298479614743104e-05,"{""type"": ""Polygon"", ""coordinates"": [[[-99.20564199648608, 19.269783101878], [-99.20356843041101, 19.270016698551803], [-99.19830213797381, 19.266986544194605], [-99.2045893361266, 19.263854275501096], [-99.2062818419231, 19.2653951220843], [-99.2045028588694, 19.266232260810796], [-99.20564199648608, 19.269783101878]]]}"
12-077,LA TORTUGA XOLALPA-HCO COLEGIO MILITAR,16,19.257336442576772,-99.15074357756622,0.0003646811860797597,"{""type"": ""Polygon"", ""coordinates"": [[[-99.14929325576722, 19.244582920714596], [-99.15539742021771, 19.248682261391895], [-99.1563050081576, 19.2534870343624], [-99.1656063886445, 19.261169161498398], [-99.16516066212239, 19.2629907124322], [-99.14954221948972, 19.267550616220802], [-99.14322711635671, 19.267337679755098], [-99.14238789262271, 19.2602800981691], [-99.1401769483684, 19.257851252627898], [-99.1395503051385, 19.253755173612202], [-99.1417896336082, 19.248801237702605], [-99.14929325576722, 19.244582920714596]]]}"
12-221,LOMA BONITA-AMPLIACION TEPEXIMILPA,14,19.269824144541854,-99.19170032842175,3.946677281404524e-06,"{""type"": ""Polygon"", ""coordinates"": [[[-99.1915960634288, 19.269383887594497], [-99.193311563471, 19.2693367476244], [-99.19221280755161, 19.2713057099717], [-99.1897252350392, 19.269474013518895], [-99.1915960634288, 19.269383887594497]]]}"
12-079,LOMAS ALTAS DE PADIERNA SUR,14,19.273269735453436,-99.22631398577072,2.173131797921578e-05,"{""type"": ""Polygon"", ""coordinates"": [[[-99.2233715020716, 19.2737339471019], [-99.2244805355494, 19.270412425779703], [-99.22887878383682, 19.2715525572635], [-99.22893726775838, 19.2756377456679], [-99.2233715020716, 19.2737339471019]]]}"
12-211,LOMAS DE  PADIERNA I,14,19.29394024637218,-99.22749383345229,5.809906819464812e-05,"{""type"": ""Polygon"", ""coordinates"": [[[-99.2241513105148, 19.288956948916397], [-99.2297046460377, 19.288576829401695], [-99.2308526528972, 19.2994217880713], [-99.2249927927135, 19.2985102509281], [-99.2241513105148, 19.288956948916397]]]}"
12-212,LOMAS DE  PADIERNA II,14,19.29495754182762,-99.21846202769672,7.880180976548449e-05,"{""type"": ""Polygon"", ""coordinates"": [[[-99.2164955289541, 19.294626907649203], [-99.2109585567347, 19.303971802839403], [-99.2082698828785, 19.3024930520604], [-99.20938579308572, 19.299402295807194], [-99.2161328985157, 19.2933674080805], [-99.2175930818017, 19.289514910433695], [-99.2241513105148, 19.288956948916397], [-99.2249927927135, 19.2985102509281], [-99.2164955289541, 19.294626907649203]]]}"
12-080,LOMAS DE CUILOTEPEC,14,19.270723526780007,-99.23247139642979,9.427863757277107e-06,"{""type"": ""Polygon"", ""coordinates"": [[[-99.23404217945172, 19.269474923862603], [-99.2337095760394, 19.272614409128302], [-99.2316964082399, 19.273040555232605], [-99.23071444780392, 19.268628363684595], [-99.23404217945172, 19.269474923862603]]]}"
12-222,LOMAS DE TEPEMECATL,19,19.238295052998744,-99.232016300937,0.0002439882633738678,"{""type"": ""Polygon"", ""coordinates"": [[[-99.2435695120935, 19.235882656586796], [-99.2470613643182, 19.2393027860832], [-99.244724152892, 19.239362128485297], [-99.24248893433692, 19.242266898178602], [-99.2427555899766, 19.2454270409496], [-99.24180490286211, 19.246035434382495], [-99.24033320727779, 19.24321567799589], [-99.22933154443379, 19.2451265875606], [-99.2211603359244, 19.242959357705203], [-99.2257550881029, 19.241191987396], [-99.2256186176392, 19.238390344219095], [-99.2205551386618, 19.237936598575097], [-99.21780904941322, 19.235457380542496], [-99.2176539614306, 19.2327685511524], [-99.22730278924789, 19.231799301805395], [-99.22968855874392, 19.232152789441898], [-99.23321858008931, 19.235861837909095], [-99.2356977223117, 19.2342506306686], [-99.2434436704611, 19.2337435292114], [-99.2435695120935, 19.235882656586796]]]}"
12-084,LOMAS DE TEXCALATLACO,16,19.238836954471005,-99.15257562819033,1.1890091293335228e-05,"{""type"": ""Polygon"", ""coordinates"": [[[-99.15513753774762, 19.2410547631394], [-99.15216330388749, 19.238904045561398], [-99.1499746259632, 19.240742791533002], [-99.15078000028942, 19.237314859138696], [-99.1542461169664, 19.237406178651703], [-99.15513753774762, 19.2410547631394]]]}"
12-085,LOMAS DEL PEDREGAL,14,19.273891657305462,-99.21829216808378,5.492590365195685e-06,"{""type"": ""Polygon"", ""coordinates"": [[[-99.21836812790909, 19.274791015253], [-99.2167903663665, 19.274830457340098], [-99.2179318458309, 19.272604523549], [-99.2198923713494, 19.2725382217932], [-99.21836812790909, 19.274791015253]]]}"
12-086,LOMAS HIDALGO,14,19.274429163313616,-99.2150183291485,1.5017777885721432e-05,"{""type"": ""Polygon"", ""coordinates"": [[[-99.21281189821269, 19.276424530599996], [-99.2118238961771, 19.2751198237271], [-99.2145543883243, 19.2727632363139], [-99.2179318458309, 19.272604523549], [-99.2143935321018, 19.2771137699371], [-99.21281189821269, 19.276424530599996]]]}"
12-087,LOS  ENCINOS,14,19.27750969782635,-99.22736611720359,1.2930918723053168e-05,"{""type"": ""Polygon"", ""coordinates"": [[[-99.2292425830918, 19.279697919848594], [-99.2257781344406, 19.2791351027958], [-99.22539604191331, 19.2749915274256], [-99.22893726775838, 19.2756377456679], [-99.2292425830918, 19.279697919848594]]]}"
12-088,LOS PASTORES,19,19.19767765496455,-99.15132055631791,1.2998545404867904e-05,"{""type"": ""Polygon"", ""coordinates"": [[[-99.15476314073058, 19.1948066150159], [-99.1524824310466, 19.199040704655], [-99.14882855114482, 19.1999733625818], [-99.1486752924448, 19.197751568003], [-99.15476314073058, 19.1948066150159]]]}"
12-089,LOS VOLCANES,16,19.27013188049015,-99.17502699791217,1.9556431792263176e-05,"{""type"": ""Polygon"", ""coordinates"": [[[-99.17481491317828, 19.270268294002296], [-99.1737086115772, 19.271753705903897], [-99.1697572997052, 19.271680490443398], [-99.17455678876371, 19.267018847608995], [-99.1763478260857, 19.2694461208069], [-99.18182440051451, 19.270445536528392], [-99.18154322993598, 19.2714581730885], [-99.17481491317828, 19.270268294002296]]]}"
12-092,MA ESTHER ZUNO DE ECHEVERRIA-TLALPUENTE,19,19.247734655742025,-99.18816949248848,0.00016331411058813757,"{""type"": ""Polygon"", ""coordinates"": [[[-99.1827384702181, 19.2552458720075], [-99.18289490344551, 19.256464354339503], [-99.1802099805582, 19.256307888226395], [-99.18029109411002, 19.253680464030996], [-99.1776275318769, 19.253188477230204], [-99.17899523487038, 19.2482440960551], [-99.1817453653805, 19.2484090892648], [-99.1929556145626, 19.236312514665098], [-99.19391677871229, 19.240969988674593], [-99.1965982474059, 19.2428972051956], [-99.19478514967992, 19.243967578836596], [-99.19557431157651, 19.251549177054503], [-99.1941913061174, 19.2507033701461], [-99.19347563459381, 19.2535647618158], [-99.1865691493119, 19.2518777356722], [-99.1828037150084, 19.2536304794071], [-99.1827384702181, 19.2552458720075]]]}"
12-094,"MESA LOS HORNOS, TEXCALTENCO",14,19.27483116688649,-99.18444089917082,3.404680417708316e-05,"{""type"": ""Polygon"", ""coordinates"": [[[-99.1879840849082, 19.2743675720092], [-99.1860774885402, 19.2778626198688], [-99.18134136778939, 19.2774852420336], [-99.18213566410918, 19.271607820130594], [-99.1847399424378, 19.2710555769992], [-99.1847114479818, 19.2730646103668], [-99.1888450065133, 19.272955268072895], [-99.1879840849082, 19.2743675720092]]]}"
12-095,MIGUEL HIDALGO,14,19.287727104921796,-99.18575046793268,7.844153683490027e-05,"{""type"": ""MultiPolygon"", ""coordinates"": [[[[-99.1924129661307, 19.282713894072195], [-99.1902199263965, 19.284216241975795], [-99.19236205622468, 19.2863319539881], [-99.1875644090966, 19.2872559055207], [-99.18590656426971, 19.289945983184495], [-99.1845771295775, 19.2943265859072], [-99.1863761051161, 19.2957618789664], [-99.17862212917738, 19.293038728967602], [-99.18210806709119, 19.29277016636709], [-99.182503395582, 19.290824616790893], [-99.17961087105515, 19.289292014070323], [-99.1875877534834, 19.281652823450898], [-99.19069424415599, 19.280388614554], [-99.1924129661307, 19.282713894072195]]], [[[-99.1796108710551, 19.289292014070295], [-99.17961087105515, 19.289292014070323], [-99.1791654444308, 19.289950147228197], [-99.1796108710551, 19.289292014070295]]]]}"
12-096,MIRADOR 1A SECC,16,19.269222476360003,-99.1790122313137,8.974245403545111e-06,"{""type"": ""Polygon"", ""coordinates"": [[[-99.17507295270339, 19.268732029829504], [-99.1750974012321, 19.2681713414432], [-99.18232159957299, 19.2689064652183], [-99.1819382253024, 19.2704775859326], [-99.17507295270339, 19.268732029829504]]]}"
12-097,MIRADOR 2A y 3A SECC,14,19.270160206967013,-99.18402934883456,9.715845816566396e-06,"{""type"": ""Polygon"", ""coordinates"": [[[-99.18232159957299, 19.2689064652183], [-99.1870325355008, 19.269355173784497], [-99.18691956961011, 19.270379363837602], [-99.18154322993598, 19.2714581730885], [-99.18232159957299, 19.2689064652183]]]}"
12-099,MIRADOR DEL VALLE,19,19.256229379535938,-99.18237173396693,1.3485399135742453e-05,"{""type"": ""Polygon"", ""coordinates"": [[[-99.1827384702181, 19.2552458720075], [-99.1841617919004, 19.253561596218198], [-99.18428922785432, 19.2551903728034], [-99.1862921232745, 19.255831286222396], [-99.1832221749598, 19.2568716282607], [-99.18314008339512, 19.258596027784797], [-99.1789766569658, 19.257407135489103], [-99.178736192461, 19.256056831440397], [-99.18289490344551, 19.256464354339503], [-99.1827384702181, 19.2552458720075]]]}"
12-100,MIRADOR I,14,19.271413870021526,-99.21939791186837,9.544719977501328e-06,"{""type"": ""Polygon"", ""coordinates"": [[[-99.221882032539, 19.2716869168478], [-99.22091185799441, 19.272849464476398], [-99.2164482219287, 19.271636224830896], [-99.22009812491581, 19.2695885899195], [-99.221882032539, 19.2716869168478]]]}"
12-101,MIRADOR II,14,19.270075607720027,-99.22319361437494,1.7045900016051917e-05,"{""type"": ""Polygon"", ""coordinates"": [[[-99.22091185799441, 19.272849464476398], [-99.22232048406408, 19.2680505733494], [-99.2259388168339, 19.267310846443493], [-99.2229224480612, 19.273491941191804], [-99.22091185799441, 19.272849464476398]]]}"
12-102,MOVIMIENTO ORGANIZADO DE TLALPAN-EL MIRADOR (RNCDA),16,19.26685004065491,-99.15281087602031,3.848971638633443e-06,"{""type"": ""Polygon"", ""coordinates"": [[[-99.1548480745783, 19.2659503988876], [-99.1521515295141, 19.267987129009704], [-99.1504126369815, 19.2668812489819], [-99.1504808437831, 19.2667135903425], [-99.1548480745783, 19.2659503988876]]]}"
12-217,NARCISO MENDOZA VILLA COAPA SUPERMANZANA 8 (U HAB),16,19.294952058410956,-99.1202408834055,1.6565192619459423e-05,"{""type"": ""Polygon"", ""coordinates"": [[[-99.12242840993349, 19.295362607995898], [-99.1196443522821, 19.2981192096298], [-99.11696091829752, 19.2926934504561], [-99.1231506652341, 19.2934032643173], [-99.1242809323434, 19.295228074224198], [-99.12242840993349, 19.295362607995898]]]}"
12-103,NARCISO MENDOZA-VILLA COAPA SUPER MANZANA 1 (U HAB),16,19.292170096772562,-99.12852074124966,1.24884534493751e-05,"{""type"": ""Polygon"", ""coordinates"": [[[-99.1306334157389, 19.2906302484786], [-99.12989250325091, 19.2943656912579], [-99.12568243599061, 19.292921036542804], [-99.12580271675868, 19.291417987782697], [-99.1306334157389, 19.2906302484786]]]}"
12-104,NARCISO MENDOZA-VILLA COAPA SUPER MANZANA 2 (U HAB),16,19.28931827157922,-99.12737434254126,1.194784320624385e-05,"{""type"": ""Polygon"", ""coordinates"": [[[-99.12580271675868, 19.291417987782697], [-99.1262681527021, 19.286343356929798], [-99.12651989679298, 19.2862931509975], [-99.12979937417201, 19.289760853569298], [-99.12580271675868, 19.291417987782697]]]}"
12-105,NARCISO MENDOZA-VILLA COAPA SUPER MANZANA 3 (U HAB),16,19.287450158758265,-99.12417936987028,1.3818687335608648e-05,"{""type"": ""Polygon"", ""coordinates"": [[[-99.1250237773804, 19.285242005459995], [-99.12602397820952, 19.288901402519294], [-99.12216177838121, 19.2894309182925], [-99.1223340330027, 19.286199949563503], [-99.1250237773804, 19.285242005459995]]]}"
12-106,NARCISO MENDOZA-VILLA COAPA SUPER MANZANA 6 (U HAB),16,19.29298627535525,-99.12238521060799,1.4030099522513438e-05,"{""type"": ""Polygon"", ""coordinates"": [[[-99.12568243599061, 19.292921036542804], [-99.12535805216841, 19.2952661744467], [-99.1231506652341, 19.2934032643173], [-99.11838264092991, 19.293006095091197], [-99.1203224032601, 19.2909528694809], [-99.12568243599061, 19.292921036542804]]]}"
12-107,NARCISO MENDOZA-VILLA COAPA SUPER MANZANA 7 (U HAB),16,19.290753835465825,-99.12378087109371,1.3654560177366506e-05,"{""type"": ""Polygon"", ""coordinates"": [[[-99.12568243599061, 19.292921036542804], [-99.12541447830242, 19.292909277056705], [-99.1203224032601, 19.2909528694809], [-99.12602365860378, 19.288901460638], [-99.12568243599061, 19.292921036542804]]]}"
12-108,NIÑO JESUS (BARR),16,19.286713089704406,-99.16100527703124,2.2424143486914415e-05,"{""type"": ""Polygon"", ""coordinates"": [[[-99.1639333368396, 19.285296802596893], [-99.1620837126741, 19.290168245071303], [-99.1569328220163, 19.286629850994103], [-99.16081048367951, 19.284025317308497], [-99.1639333368396, 19.285296802596893]]]}"
12-109,NUEVA ORIENTAL COAPA-EX HACIENDA COAPA,16,19.297275513072712,-99.12828010564019,4.161298850310102e-05,"{""type"": ""Polygon"", ""coordinates"": [[[-99.1272244309877, 19.299562154533792], [-99.1249307928313, 19.300272550360795], [-99.1257913739451, 19.292786824921595], [-99.13155458887299, 19.295113751154], [-99.13147110705908, 19.301894268745198], [-99.1272244309877, 19.299562154533792]]]}"
12-110,NUEVO RENACIMIENTO DE AXALCO,16,19.255502752160414,-99.16066129567933,1.3062383657091834e-05,"{""type"": ""Polygon"", ""coordinates"": [[[-99.15730988253232, 19.254042744807595], [-99.1618676818227, 19.2532764995282], [-99.1633717923115, 19.2569459962251], [-99.1614058050104, 19.2573273612648], [-99.1621687531058, 19.258336036231498], [-99.15730988253232, 19.254042744807595]]]}"
12-111,OCOTLA - OCOTLA CHICO,19,19.21207580282378,-99.16724190703614,0.00013230618722221348,"{""type"": ""Polygon"", ""coordinates"": [[[-99.1754427537565, 19.209036679609795], [-99.1718357900487, 19.214623502149802], [-99.1700775709593, 19.214193831423195], [-99.16739488699821, 19.2177331664612], [-99.1580053969402, 19.217724342950397], [-99.15962852155572, 19.2101334521295], [-99.16283949337021, 19.211514946404797], [-99.16349944239869, 19.2088067619885], [-99.16772109352519, 19.210132082227695], [-99.169858192672, 19.2042047869923], [-99.1768361038091, 19.206675704548296], [-99.1754427537565, 19.209036679609795]]]}"
12-112,ORIENTE (AMPL),16,19.25225546695155,-99.16110284998409,7.315361233851758e-06,"{""type"": ""Polygon"", ""coordinates"": [[[-99.1590319684679, 19.250772845300098], [-99.1626356826708, 19.252000059131], [-99.1645343308625, 19.252296481673003], [-99.15947249559001, 19.253057089986495], [-99.1590319684679, 19.250772845300098]]]}"
12-113,PARAJE 38,19,19.26520913464133,-99.20841116917558,1.875248014091631e-05,"{""type"": ""Polygon"", ""coordinates"": [[[-99.21347275237082, 19.268558292764194], [-99.2086596829652, 19.2672812473607], [-99.2045893361266, 19.263854275501096], [-99.20799204333521, 19.2624772546649], [-99.21347275237082, 19.268558292764194]]]}"
12-114,PARQUES DEL PEDREGAL,14,19.29986795464747,-99.19190237850627,5.5958810392807454e-05,"{""type"": ""Polygon"", ""coordinates"": [[[-99.1937347911474, 19.295954590944298], [-99.198592937257, 19.301328185211805], [-99.1977673189162, 19.3028371984694], [-99.18597660464918, 19.302870011397292], [-99.1856566122671, 19.300133392250896], [-99.1875076264144, 19.2995545840093], [-99.18766205539791, 19.297673883920595], [-99.1937347911474, 19.295954590944298]]]}"
12-115,PARRES EL GUARDA (PBLO),19,19.13453272809347,-99.17518806967249,0.00013606085694708843,"{""type"": ""Polygon"", ""coordinates"": [[[-99.1796446871494, 19.129590923026498], [-99.1821216591801, 19.129081627738397], [-99.1857206139709, 19.13329494979279], [-99.17831441929492, 19.133883925349995], [-99.176063, 19.138118], [-99.17746, 19.141333], [-99.174135605333, 19.143841438837697], [-99.1693625931652, 19.141310767844192], [-99.17143961382799, 19.137934183598805], [-99.16733773328261, 19.133593854436295], [-99.1703199775478, 19.130279315343095], [-99.17142492283841, 19.131065364983296], [-99.17335336089802, 19.1274167716219], [-99.1796446871494, 19.129590923026498]]]}"
12-116,PEDREGAL DE LAS AGUILAS,16,19.27184483173848,-99.1757698606045,1.3237028946744277e-05,"{""type"": ""Polygon"", ""coordinates"": [[[-99.1746374816168, 19.270237851070892], [-99.17905820840701, 19.2709962852777], [-99.178651120722, 19.272531070553], [-99.1761674813169, 19.273676835990504], [-99.1719175124931, 19.272199984995197], [-99.1746374816168, 19.270237851070892]]]}"
12-117,PEDREGAL DE SN NICOLAS 1A SECC,14,19.293372386132138,-99.23571266711339,6.172305865243865e-05,"{""type"": ""Polygon"", ""coordinates"": [[[-99.2310909781169, 19.299480314285795], [-99.2299302185867, 19.2913836004997], [-99.24286128934841, 19.289292497984395], [-99.241265126562, 19.294038678563897], [-99.23593190129431, 19.294470472070795], [-99.2327012182569, 19.2973483216054], [-99.23270873826408, 19.299783278934], [-99.2310909781169, 19.299480314285795]]]}"
12-118,PEDREGAL DE SN NICOLAS 2A SECC,14,19.28881174839678,-99.23528188324903,4.655819680876781e-05,"{""type"": ""Polygon"", ""coordinates"": [[[-99.2403102592295, 19.289186742966997], [-99.23979044725341, 19.2906663141979], [-99.2299302185867, 19.2913836004997], [-99.2296559909708, 19.287147032960004], [-99.2407780443099, 19.286358319861], [-99.2423802379806, 19.289249221619503], [-99.2403102592295, 19.289186742966997]]]}"
12-119,PEDREGAL DE SN NICOLAS 3A SECC,14,19.284308969114875,-99.23648152147071,5.9359579726143954e-05,"{""type"": ""Polygon"", ""coordinates"": [[[-99.24062525801621, 19.286368416776902], [-99.2296559909708, 19.287147032960004], [-99.22940584283089, 19.2830043016705], [-99.2370652569995, 19.282880399717197], [-99.2448886157274, 19.279587144715702], [-99.24062525801621, 19.286368416776902]]]}"
12-213,PEDREGAL DE SN NICOLAS 4A SECC I,14,19.277508268706494,-99.23958815156783,4.8908070660268794e-05,"{""type"": ""Polygon"", ""coordinates"": [[[-99.2364960636568, 19.275276739441292], [-99.2364422126897, 19.2738029923082], [-99.2417803053238, 19.2731052039922], [-99.24187685207599, 19.27668377361], [-99.2443227519952, 19.2800450460005], [-99.2370652569995, 19.282880399717197], [-99.2362086992106, 19.279620424554896], [-99.23895383152349, 19.280718002600498], [-99.238867368701, 19.2763882111262], [-99.2340442533343, 19.276993637901796], [-99.2342002746511, 19.274332613901898], [-99.2364960636568, 19.275276739441292]]]}"
12-214,PEDREGAL DE SN NICOLAS 4A SECC II,14,19.278954750184646,-99.23337471850294,6.100557779518126e-05,"{""type"": ""Polygon"", ""coordinates"": [[[-99.2370093975401, 19.282388166034195], [-99.22940584283089, 19.2830043016705], [-99.22893726775838, 19.2756377456679], [-99.2340942272491, 19.2743240851391], [-99.2340442533343, 19.276993637901796], [-99.238867368701, 19.2763882111262], [-99.23895383152349, 19.280718002600498], [-99.2362086992106, 19.279620424554896], [-99.2370093975401, 19.282388166034195]]]}"
12-121,PEDREGAL DE STA URSULA XITLA,16,19.273744772225914,-99.17801779673741,1.8552805095323763e-05,"{""type"": ""Polygon"", ""coordinates"": [[[-99.1804848936956, 19.27367056189849], [-99.1771554093462, 19.274714125553295], [-99.1768348626605, 19.276938943681596], [-99.1743649959537, 19.276234210680897], [-99.1753814156981, 19.273421318901402], [-99.178651120722, 19.272531070553], [-99.17905820840701, 19.2709962852777], [-99.18213566410918, 19.271607820130594], [-99.1804848936956, 19.27367056189849]]]}"
12-124,PIEDRA LARGA,19,19.191149288638638,-99.1375405313169,2.66196533191384e-05,"{""type"": ""Polygon"", ""coordinates"": [[[-99.1390319091567, 19.188701222610305], [-99.1394671279703, 19.194863110967503], [-99.1368505374518, 19.1955961487103], [-99.1354256110827, 19.188773166125], [-99.1379905777213, 19.186819146326506], [-99.1390319091567, 19.188701222610305]]]}"
12-125,PLAN DE AYALA,16,19.237956196579848,-99.1494168225086,1.766281738150218e-05,"{""type"": ""Polygon"", ""coordinates"": [[[-99.1525944700947, 19.2365888535773], [-99.1507134880398, 19.23741638518], [-99.14879376341749, 19.2427040673422], [-99.1470169899017, 19.2393131994132], [-99.1490933023592, 19.23787958088049], [-99.1481166358084, 19.236447501919002], [-99.1492302943247, 19.2340847033466], [-99.1525944700947, 19.2365888535773]]]}"
12-127,POPULAR STA TERESA,14,19.30092923849563,-99.22399503975976,2.7252422903005074e-05,"{""type"": ""Polygon"", ""coordinates"": [[[-99.22683637686949, 19.3026277636263], [-99.22066354338881, 19.303857395348196], [-99.22225873922021, 19.2977236660396], [-99.2268582007634, 19.298810913421097], [-99.22683637686949, 19.3026277636263]]]}"
12-130,PRADO COAPA 2A SECCION,16,19.29908809756651,-99.13301474551947,2.1584818338679598e-05,"{""type"": ""Polygon"", ""coordinates"": [[[-99.13120131281, 19.2984500611534], [-99.13155458887299, 19.295113751154], [-99.13458723132788, 19.296550300490598], [-99.13496710565141, 19.302429988481595], [-99.13147110705908, 19.301894268745198], [-99.13120131281, 19.2984500611534]]]}"
12-131,PRADO COAPA 3A SECCION-POTRERO ACOXPA,16,19.29288406612201,-99.1332307162758,2.6432938571404062e-05,"{""type"": ""Polygon"", ""coordinates"": [[[-99.1354206294488, 19.289470383401998], [-99.1361055925184, 19.295186393391], [-99.12989250325091, 19.2943656912579], [-99.1306334157389, 19.2906302484786], [-99.1315528501521, 19.291608450696696], [-99.1354206294488, 19.289470383401998]]]}"
12-132,PROGRESO TLALPAN,16,19.252977753534946,-99.15681126115079,2.530340841354745e-06,"{""type"": ""Polygon"", ""coordinates"": [[[-99.1575950055072, 19.253499389214795], [-99.1566338605837, 19.253845848325902], [-99.15584363615, 19.2519211385721], [-99.15791334187008, 19.2526466856852], [-99.1575950055072, 19.253499389214795]]]}"
12-133,PUEBLO QUIETO,16,19.29828063757581,-99.15949248208887,1.0080880717298063e-05,"{""type"": ""Polygon"", ""coordinates"": [[[-99.1612065428627, 19.298522159597095], [-99.1617043743871, 19.299911354370998], [-99.1593527241063, 19.3000527165893], [-99.15741134223323, 19.297822068565505], [-99.1579629328105, 19.2964779897586], [-99.160443343534, 19.296527557567895], [-99.1612065428627, 19.298522159597095]]]}"
12-136,RANCHO LOS COLORINES (FRACC),16,19.28818499867955,-99.13777653480491,1.1683130610140397e-05,"{""type"": ""Polygon"", ""coordinates"": [[[-99.1396022579928, 19.2901587729132], [-99.1353668126828, 19.288916478200797], [-99.136577842757, 19.286067812265003], [-99.13997102962891, 19.287539557703198], [-99.1396022579928, 19.2901587729132]]]}"
12-137,REAL DEL SUR-VILLAS DEL SUR-RESIDENCIAL ACOXPA,16,19.3004358283467,-99.12327136165997,1.909055450522019e-05,"{""type"": ""Polygon"", ""coordinates"": [[[-99.12062217745309, 19.3000815242214], [-99.12376084003668, 19.298346075251295], [-99.1231997455205, 19.297129000249804], [-99.1252306410347, 19.296662376283102], [-99.1245176589062, 19.3038244685605], [-99.121887795472, 19.3027856526938], [-99.12062217745309, 19.3000815242214]]]}"
12-223,RESIDENCIAL FUENTES DE CANTERA (U HAB),14,19.2741684393237,-99.18947240938647,1.730916875161306e-06,"{""type"": ""Polygon"", ""coordinates"": [[[-99.1888377070427, 19.2747442902465], [-99.1889531958581, 19.273485142332596], [-99.1905718782297, 19.2741688558291], [-99.19054090976832, 19.2745290818523], [-99.1888377070427, 19.2747442902465]]]}"
12-139,RESIDENCIAL INSURGENTES SUR (U HAB),16,19.279115626651567,-99.17220045115378,5.717824759196099e-06,"{""type"": ""Polygon"", ""coordinates"": [[[-99.17223357038289, 19.279003681176597], [-99.1713488704047, 19.2809987949414], [-99.1698193581024, 19.280335966410796], [-99.17412537618411, 19.277648253760198], [-99.1744059804775, 19.2787471648761], [-99.17223357038289, 19.279003681176597]]]}"
12-142,RINCON LAS HADAS-VILLA ROYALE-FUENTES Y ARCONADA COAPA,16,19.29628230375335,-99.12297664926247,8.409015852782818e-06,"{""type"": ""Polygon"", ""coordinates"": [[[-99.1232980198178, 19.297121005149997], [-99.1209891791776, 19.297559458647594], [-99.12032647104182, 19.2961611321745], [-99.12535805216841, 19.2952661744467], [-99.1232980198178, 19.297121005149997]]]}"
12-143,RINCONADA (U HAB),16,19.286326258783085,-99.13516003621868,3.731544633650129e-06,"{""type"": ""Polygon"", ""coordinates"": [[[-99.13647213452239, 19.286287698535197], [-99.1360614685595, 19.2871419286412], [-99.1336415213363, 19.286928705581598], [-99.134974021192, 19.285331115180107], [-99.13647213452239, 19.286287698535197]]]}"
12-145,ROCA DE CRISTAL,14,19.275823849582086,-99.18756128659587,1.2516199189174293e-06,"{""type"": ""Polygon"", ""coordinates"": [[[-99.18775962657419, 19.274699927861903], [-99.1876661154651, 19.2768962987763], [-99.18709520961261, 19.276816731950795], [-99.18735576125911, 19.275269167423705], [-99.18775962657419, 19.274699927861903]]]}"
12-146,ROMULO SANCHEZ-SAN FERNANDO (BARR)-PEÑA POBRE,16,19.29731728429417,-99.1803637604686,3.859274594782732e-05,"{""type"": ""Polygon"", ""coordinates"": [[[-99.17633605709749, 19.298835635605897], [-99.1745712551106, 19.297874705338195], [-99.1756302924541, 19.29509783170059], [-99.18471954920109, 19.2955559655681], [-99.1855941944679, 19.2996106238895], [-99.180827748286, 19.2994553735087], [-99.1797985366571, 19.297988218308895], [-99.1780611410789, 19.299445555650795], [-99.17633605709749, 19.298835635605897]]]}"
12-147,SAN ANDRES TOTOLTEPEC (PBLO),16,19.248044319151433,-99.1709598819919,0.0004363778803580294,"{""type"": ""Polygon"", ""coordinates"": [[[-99.1794129589254, 19.2482903456884], [-99.1776275318769, 19.253188477230204], [-99.18029109411002, 19.253680464030996], [-99.178736192461, 19.256056831440397], [-99.179923702655, 19.2581021610509], [-99.1788789576955, 19.2606812450187], [-99.1766850746738, 19.260314722626802], [-99.1758060194785, 19.262714504370297], [-99.17402961187652, 19.262034327865294], [-99.1736604881453, 19.258181165739497], [-99.1692986130224, 19.259213008318504], [-99.1653156061319, 19.258178325529098], [-99.165769534043, 19.2570101642334], [-99.1614931721473, 19.254475916994195], [-99.1645343308625, 19.252296481673003], [-99.1585358627498, 19.250599877815], [-99.15948859353051, 19.247399893018297], [-99.1556452906387, 19.246085104298402], [-99.1583370832698, 19.236018323358895], [-99.16113813576492, 19.240567182065202], [-99.16746200008032, 19.2420659674195], [-99.1671679902136, 19.2397339961287], [-99.1746869561376, 19.2392860654135], [-99.17619738534358, 19.236863080369396], [-99.18003327424078, 19.2382511185952], [-99.1802784617809, 19.243255790798795], [-99.1826054732123, 19.2406185508332], [-99.1830312779221, 19.242983064488904], [-99.1902589325142, 19.2392849587818], [-99.1817453653805, 19.2484090892648], [-99.1794129589254, 19.2482903456884]]]}"
12-148,SAN BARTOLO EL CHICO,16,19.284465914352143,-99.13251734781811,3.0091783650127893e-05,"{""type"": ""Polygon"", ""coordinates"": [[[-99.13666306335361, 19.285917609653396], [-99.1271410357508, 19.286860589885393], [-99.1250237773804, 19.285242005459995], [-99.1389430720253, 19.282234821504396], [-99.13666306335361, 19.285917609653396]]]}"
12-153,SAN LORENZO HUIPULCO,16,19.295342712425605,-99.14963380181986,7.481229034973933e-05,"{""type"": ""Polygon"", ""coordinates"": [[[-99.1521173644977, 19.297783987633895], [-99.1474403513002, 19.3012847183354], [-99.1445483991955, 19.300383910888996], [-99.14726438981299, 19.2893575795594], [-99.1495789063755, 19.291328721030695], [-99.1514872094921, 19.2901002638163], [-99.1563557178554, 19.296847275551194], [-99.1521173644977, 19.297783987633895]]]}"
12-154,SAN MIGUEL  XICALCO (PBLO),19,19.23182271237945,-99.16330252319025,0.00037189436897513945,"{""type"": ""Polygon"", ""coordinates"": [[[-99.175165809013, 19.226179745327997], [-99.1760649639031, 19.2302837279199], [-99.1736858388367, 19.239315415401396], [-99.1671679902136, 19.2397339961287], [-99.16746200008032, 19.2420659674195], [-99.16113813576492, 19.240567182065202], [-99.1583370832698, 19.236018323358895], [-99.1560854601551, 19.2410226150829], [-99.1542461169664, 19.237406178651703], [-99.1508261948455, 19.236512676121603], [-99.15032619753902, 19.234140583253495], [-99.147953752247, 19.236091162283497], [-99.15358467704232, 19.222974940391204], [-99.1654975704719, 19.225381236448495], [-99.17423268696261, 19.224483712988295], [-99.1821189950678, 19.2268513762531], [-99.175165809013, 19.226179745327997]]]}"
12-155,SAN MIGUEL AJUSCO (PBLO),19,19.227860675114126,-99.19688188069242,0.0004443417193626637,"{""type"": ""Polygon"", ""coordinates"": [[[-99.2171641085742, 19.2350797155787], [-99.21158210250111, 19.2354760848607], [-99.207488554725, 19.233119716584596], [-99.2045355591657, 19.235763422435898], [-99.2011062162978, 19.2359016284763], [-99.2001677863161, 19.23826701083779], [-99.1952735909389, 19.238788878212205], [-99.1929556145626, 19.236312514665098], [-99.1948982082583, 19.229993091059903], [-99.1924310248589, 19.231122976096092], [-99.19007446990699, 19.229791999365606], [-99.187453209826, 19.233232428479496], [-99.1841266742052, 19.2329723648333], [-99.1812572976264, 19.230246712524604], [-99.1834191692733, 19.227920302423698], [-99.17910940413752, 19.2251068565425], [-99.1794804689192, 19.222766679582], [-99.1811769851011, 19.2188541308703], [-99.18258482025621, 19.2195002415581], [-99.18602569531278, 19.2168501245141], [-99.1934419559231, 19.218578228447498], [-99.1970294310338, 19.222456954986594], [-99.20416773897722, 19.221359308698403], [-99.2149075351991, 19.230879791408903], [-99.2190988191782, 19.232050855016297], [-99.2171641085742, 19.2350797155787]]]}"
12-156,SAN MIGUEL TEHUISCO-LOS ANGELES-AYOMETITLA,19,19.210906921955342,-99.1584320215893,4.5914597131983076e-05,"{""type"": ""Polygon"", ""coordinates"": [[[-99.1546063444865, 19.211867999821692], [-99.1560992000482, 19.2062865383887], [-99.1614009744434, 19.207874750044], [-99.1610809298158, 19.209148245147396], [-99.16349944239869, 19.2088067619885], [-99.16283949337021, 19.211514946404797], [-99.15962852155572, 19.2101334521295], [-99.1580053969402, 19.217724342950397], [-99.1546063444865, 19.211867999821692]]]}"
12-157,SAN MIGUEL TOPILEJO (PBLO),19,19.19632745381855,-99.15791840201457,0.0008174051378744334,"{""type"": ""Polygon"", ""coordinates"": [[[-99.129947004397, 19.1967034289895], [-99.1242600687702, 19.194157821913297], [-99.1306626509476, 19.1956097036505], [-99.1352541720289, 19.1888640629906], [-99.1362296807295, 19.194920933084497], [-99.1394671279703, 19.194863110967503], [-99.13923600520332, 19.1929233575185], [-99.140788003127, 19.196586000859597], [-99.1415303652261, 19.19510524214], [-99.1432674613557, 19.1955140050577], [-99.145525841242, 19.1889141463007], [-99.14772847091018, 19.192665057185003], [-99.1497388956675, 19.1904106251801], [-99.1490870080828, 19.194388893306], [-99.1470656738881, 19.196280402371993], [-99.14882855114482, 19.1999733625818], [-99.1524824310466, 19.199040704655], [-99.1546545138948, 19.1941147736349], [-99.15183682209211, 19.1941436103577], [-99.1510975743049, 19.19262579467], [-99.15673022138252, 19.192502749694796], [-99.1587261220353, 19.1941641779827], [-99.1720937138332, 19.176877264955703], [-99.1839190754696, 19.1863393134486], [-99.1735217781487, 19.198431294073302], [-99.1742502656301, 19.2019362158367], [-99.17807600989602, 19.204867724491404], [-99.17689016697172, 19.2067352097978], [-99.169858192672, 19.2042047869923], [-99.16862004163121, 19.2074284655327], [-99.1636682198632, 19.207768092146804], [-99.16172002550431, 19.2055896605045], [-99.1606020318149, 19.207544067331597], [-99.1546358839869, 19.2059895390915], [-99.15283067269782, 19.207000642889202], [-99.15060046384889, 19.2054628274749], [-99.15043027898251, 19.207802399662903], [-99.1452168360623, 19.204749602682497], [-99.1438897265189, 19.209496283890797], [-99.1393780111377, 19.209567560137796], [-99.1414384616004, 19.20520645143041], [-99.1407195682866, 19.203309800662495], [-99.1368731064806, 19.2051015955769], [-99.13303139476172, 19.210077103586894], [-99.1324382906855, 19.2064593950865], [-99.12930236958042, 19.2029378063817], [-99.129947004397, 19.1967034289895]]]}"
12-208,SAN MIGUEL TOXIAC,19,19.207365024864743,-99.15494042105782,5.7876830123324734e-06,"{""type"": ""Polygon"", ""coordinates"": [[[-99.1559212733639, 19.2087554416676], [-99.1532890561099, 19.207686023771696], [-99.15283067269782, 19.207000642889202], [-99.1560992000482, 19.2062865383887], [-99.1559212733639, 19.2087554416676]]]}"
12-158,SAN NICOLAS II,14,19.267213997299727,-99.23798061311696,3.54776507685715e-05,"{""type"": ""Polygon"", ""coordinates"": [[[-99.2400726709738, 19.2631241663822], [-99.2411502285094, 19.270378249677194], [-99.2336919090087, 19.269382244865394], [-99.2382934206145, 19.263893481421498], [-99.2379708379144, 19.26203624408579], [-99.2400726709738, 19.2631241663822]]]}"
12-159,SAN PEDRO APOSTOL (BARR),16,19.295944568976612,-99.17403429364542,6.39760485375878e-06,"{""type"": ""Polygon"", ""coordinates"": [[[-99.1751927282049, 19.296573275547896], [-99.1726930033941, 19.2972345131137], [-99.1731771226978, 19.294333644481704], [-99.1756302924541, 19.29509783170059], [-99.1751927282049, 19.296573275547896]]]}"
12-160,SAN PEDRO MARTIR (PBLO),16,19.265724369107613,-99.17133176320557,0.00016081236271260583,"{""type"": ""Polygon"", ""coordinates"": [[[-99.185246517533, 19.265104827678293], [-99.18392278966019, 19.266984524288297], [-99.1821457608071, 19.266781696810302], [-99.18243350878032, 19.268916289244192], [-99.17455678876371, 19.267018847608995], [-99.1692636990686, 19.272904287147504], [-99.1623170166116, 19.269907847028797], [-99.1612145454416, 19.271777076337102], [-99.16340347812358, 19.264913580473102], [-99.16242014483379, 19.264373318127397], [-99.1713269968942, 19.2582293343693], [-99.1736604881453, 19.258181165739497], [-99.17402961187652, 19.262034327865294], [-99.176643526464, 19.263689537952796], [-99.185246517533, 19.265104827678293]]]}"
12-161,SANTA URSULA XITLA,16,19.280727958855913,-99.17867591123913,0.00010624538306427522,"{""type"": ""Polygon"", ""coordinates"": [[[-99.1743649959537, 19.276234210680897], [-99.1768348626605, 19.276938943681596], [-99.1771554093462, 19.274714125553295], [-99.181369836873, 19.272918454507604], [-99.18134136778939, 19.2774852420336], [-99.1860774885402, 19.2778626198688], [-99.18323223038568, 19.281898995374096], [-99.1839093367994, 19.2837750674021], [-99.17479720454732, 19.2887347186065], [-99.1755626084352, 19.2835258059691], [-99.1713488704047, 19.2809987949414], [-99.17223357038289, 19.279003681176597], [-99.1744059804775, 19.2787471648761], [-99.1743649959537, 19.276234210680897]]]}"
12-162,SANTISIMA TRINIDAD,14,19.271974695495448,-99.18602840750641,5.510641715658539e-06,"{""type"": ""Polygon"", ""coordinates"": [[[-99.18706322385428, 19.272265455981103], [-99.1847114479818, 19.2730646103668], [-99.1847399424378, 19.2710555769992], [-99.1877653199282, 19.271390509407], [-99.18706322385428, 19.272265455981103]]]}"
12-163,SANTO TOMAS AJUSCO (PBLO),19,19.213380638858293,-99.21783898118204,0.0010085564431214357,"{""type"": ""Polygon"", ""coordinates"": [[[-99.2263929939122, 19.226664039257095], [-99.2295964757775, 19.2323946547063], [-99.21822376155302, 19.232066015378503], [-99.2149075351991, 19.230879791408903], [-99.20416773897722, 19.221359308698403], [-99.1981739513538, 19.2226540466783], [-99.1956832052053, 19.2214515110678], [-99.19720952962442, 19.210982328948504], [-99.20026547958791, 19.210581569159196], [-99.2060753271192, 19.2047845982003], [-99.204885184328, 19.199447453990096], [-99.2076720491885, 19.1990367120639], [-99.2086537472944, 19.201026213086003], [-99.21197926881493, 19.2001139482893], [-99.2112620914346, 19.193786948697202], [-99.22280216320013, 19.1981438409327], [-99.2306728376698, 19.197669142574], [-99.23071348663788, 19.1993337758424], [-99.2361912569957, 19.2035538545364], [-99.23659227312521, 19.204962707902695], [-99.234256432617, 19.2067398169605], [-99.2385559542373, 19.212509255811103], [-99.2323657165822, 19.215783002654796], [-99.23097160674119, 19.218079849041896], [-99.2339433659225, 19.2233414155433], [-99.2329775134659, 19.2248819892746], [-99.2263929939122, 19.226664039257095]]]}"
12-164,SAUZALES CEBADALES (U HAB),16,19.29791752750933,-99.11080321523957,7.851326651147456e-06,"{""type"": ""Polygon"", ""coordinates"": [[[-99.11147315035632, 19.300055372855095], [-99.1094650755264, 19.299612278386604], [-99.11012826675278, 19.2957903985281], [-99.11207510492122, 19.296162563465803], [-99.11147315035632, 19.300055372855095]]]}"
12-165,SECCION XVI,16,19.29174516607259,-99.15762240668973,2.2144980215134813e-05,"{""type"": ""Polygon"", ""coordinates"": [[[-99.1553703009037, 19.2951354131159], [-99.1541184031937, 19.292065829734], [-99.1596257944435, 19.2882934444176], [-99.1620837126741, 19.290168245071303], [-99.1553703009037, 19.2951354131159]]]}"
12-152,SN JUAN  TEPEXIMILPA (AMPL),14,19.27269500372945,-99.19283877958512,4.028315881369835e-06,"{""type"": ""Polygon"", ""coordinates"": [[[-99.19339923556839, 19.2732270323081], [-99.19238621725148, 19.273755137893705], [-99.19113324634739, 19.273498162656498], [-99.1946247284317, 19.271888629467398], [-99.19339923556839, 19.2732270323081]]]}"
12-151,SN JUAN TEPEXIMILPA,14,19.272531527391873,-99.19059169407471,8.939901793892836e-06,"{""type"": ""Polygon"", ""coordinates"": [[[-99.19054090976832, 19.2745290818523], [-99.1879840849082, 19.274367572009403], [-99.1914441729069, 19.270133500508997], [-99.1924172735645, 19.2718696552979], [-99.19113324634739, 19.273498162656498], [-99.19238621725148, 19.2737551378938], [-99.19054090976832, 19.2745290818523]]]}"
12-166,SOLIDARIDAD,14,19.264042016574393,-99.22950207690958,1.4195335572794872e-05,"{""type"": ""Polygon"", ""coordinates"": [[[-99.2300276094783, 19.26298088023], [-99.2319878440159, 19.2621261407249], [-99.2321130307116, 19.264736557006895], [-99.2267211575748, 19.2659755171011], [-99.2272822756842, 19.262800676684797], [-99.2300276094783, 19.26298088023]]]}"
12-167,TECORRAL,16,19.259783212536558,-99.16677410744664,8.57646181854235e-06,"{""type"": ""Polygon"", ""coordinates"": [[[-99.1687836087176, 19.259495498282092], [-99.1660689725751, 19.262042582184], [-99.1647484138797, 19.260422401344496], [-99.1658254105981, 19.258297539862095], [-99.1687836087176, 19.259495498282092]]]}"
12-168,TENORIOS INFONAVIT 1 Y 2 (U HAB),16,19.296840548459667,-99.11753093810295,4.399631630864844e-06,"{""type"": ""Polygon"", ""coordinates"": [[[-99.1183907662563, 19.295584576258598], [-99.1191222485782, 19.297063575592897], [-99.1166135073896, 19.298025935779503], [-99.115941480833, 19.296624969913296], [-99.1183907662563, 19.295584576258598]]]}"
12-170,TEPETLICA EL ALTO-3 DE MAYO,19,19.234611728775302,-99.14733022112908,2.237815492100403e-05,"{""type"": ""Polygon"", ""coordinates"": [[[-99.1490933023592, 19.23787958088049], [-99.1470169899017, 19.2393131994132], [-99.1445743504359, 19.234580816197102], [-99.1470018604573, 19.23389090722119], [-99.1458339286001, 19.23060942886369], [-99.14980089586808, 19.231487593006896], [-99.147953752247, 19.236091162283497], [-99.1490933023592, 19.23787958088049]]]}"
12-171,TEPETONGO,14,19.27090065088798,-99.1885133818408,9.85494471469374e-06,"{""type"": ""Polygon"", ""coordinates"": [[[-99.18799027959919, 19.2727934865201], [-99.18565303213651, 19.2704560117169], [-99.1907321539277, 19.269908684103296], [-99.1888450065133, 19.272955268072895], [-99.18799027959919, 19.2727934865201]]]}"
12-172,TETENCO (PJE),16,19.262928951327076,-99.17951822857616,1.881562911737061e-05,"{""type"": ""Polygon"", ""coordinates"": [[[-99.1844282212551, 19.264396839694005], [-99.17907148003852, 19.264418754097193], [-99.1758060194785, 19.262714504370297], [-99.1766850746738, 19.260314722626802], [-99.1788540682276, 19.260655728327997], [-99.1844282212551, 19.264396839694005]]]}"
12-173,TEZONTITLA,19,19.21047171322963,-99.1518626526282,3.737442536305927e-05,"{""type"": ""Polygon"", ""coordinates"": [[[-99.1546063444865, 19.211867999821692], [-99.1506095158907, 19.214064894080696], [-99.14793082028281, 19.213037889432794], [-99.15060046384889, 19.2054628274749], [-99.1559212733639, 19.2087554416676], [-99.1546063444865, 19.211867999821692]]]}"
12-174,TEZONTITLA - EL CALVARIO (AMPL),19,19.207829743712725,-99.14743548693083,2.3241170595064455e-05,"{""type"": ""Polygon"", ""coordinates"": [[[-99.15043027898251, 19.207802399663], [-99.148068056423, 19.2126034553896], [-99.1444048280667, 19.205187411605895], [-99.1465685920463, 19.204910610048895], [-99.15043027898251, 19.207802399663]]]}"
12-175,TLALCOLIGIA,16,19.275976112362414,-99.17096946456245,4.0308676785406743e-05,"{""type"": ""Polygon"", ""coordinates"": [[[-99.17110514209, 19.275016722127194], [-99.1697572997052, 19.271680490443398], [-99.1753814156981, 19.273421318901402], [-99.173659042815, 19.277812578280795], [-99.1698193581024, 19.280335966410796], [-99.1676100457555, 19.2790236094162], [-99.1674076544248, 19.2757511081404], [-99.1688383077094, 19.274094668053095], [-99.17110514209, 19.275016722127194]]]}"
12-176,TLALMILLE,19,19.25949630125983,-99.1861685798098,1.3360126249990421e-05,"{""type"": ""Polygon"", ""coordinates"": [[[-99.185275921071, 19.258992786003102], [-99.1860388539267, 19.257877639611493], [-99.18931874391062, 19.2599184001559], [-99.1856141757361, 19.261464224941502], [-99.1832221749598, 19.2568716282607], [-99.185275921071, 19.258992786003102]]]}"
12-177,TLALPAN CENTRO,16,19.287793619721743,-99.17048663689896,0.00015465465904928888,"{""type"": ""Polygon"", ""coordinates"": [[[-99.1784470403459, 19.2952520517069], [-99.16191098141601, 19.290294076890003], [-99.1673377662914, 19.2784259400429], [-99.1755626084352, 19.2835258059691], [-99.17396463730499, 19.290975356713197], [-99.18471954920109, 19.2955559655682], [-99.1784470403459, 19.2952520517069]]]}"
12-180,TORIELLO GUERRA,16,19.294868738937456,-99.16448919942985,8.735219828836243e-05,"{""type"": ""Polygon"", ""coordinates"": [[[-99.1563557178554, 19.296847275551194], [-99.1551812096355, 19.2952772353717], [-99.16191098141601, 19.290294076890003], [-99.1731771226978, 19.294333644481704], [-99.1726930033941, 19.2972345131137], [-99.1748193983247, 19.2974294404231], [-99.1694344945248, 19.298009884321797], [-99.16868605293229, 19.296836514274993], [-99.1670351538284, 19.298806079047203], [-99.1674251177633, 19.2971052154585], [-99.1640983551503, 19.2960444996348], [-99.1623109921665, 19.298693477424305], [-99.1604411845602, 19.2985277364636], [-99.160443343534, 19.296527557567895], [-99.1579629328105, 19.2964779897586], [-99.15741134223323, 19.297822068565505], [-99.1563557178554, 19.296847275551194]]]}"
12-181,TORRES DE PADIERNA,14,19.281289077586724,-99.22825344877752,7.268998583919105e-06,"{""type"": ""Polygon"", ""coordinates"": [[[-99.22940584283089, 19.2830043016705], [-99.2274195069026, 19.283129559561804], [-99.22708410116302, 19.279454011784892], [-99.2292425830918, 19.279697919848594], [-99.22940584283089, 19.2830043016705]]]}"
12-182,TRES FUENTES (U HAB),16,19.298280898919884,-99.12160643393632,5.807035851981494e-06,"{""type"": ""Polygon"", ""coordinates"": [[[-99.12214532336638, 19.2992753448709], [-99.1203280593995, 19.299587697681503], [-99.1196443522821, 19.2981192096298], [-99.1231997455205, 19.297129000249804], [-99.12376084003668, 19.298346075251295], [-99.12214532336638, 19.2992753448709]]]}"
12-044,UNIDADES HABITACIONALES DE TENORIOS,16,19.295332626812932,-99.1167314714202,4.845859452676816e-06,"{""type"": ""Polygon"", ""coordinates"": [[[-99.1155421507209, 19.296039843081598], [-99.11503429790619, 19.295146598714], [-99.11760481913392, 19.293995420047796], [-99.1183907662563, 19.295584576258598], [-99.1155421507209, 19.296039843081598]]]}"
12-183,VALLE DE TEPEPAN,16,19.27224856661104,-99.14555784532132,2.627120852435421e-05,"{""type"": ""Polygon"", ""coordinates"": [[[-99.14207495171848, 19.273956423479095], [-99.1433577438424, 19.269514827289495], [-99.1498460586015, 19.271511790326304], [-99.14902208357802, 19.273998956646196], [-99.14207495171848, 19.273956423479095]]]}"
12-184,VALLE ESCONDIDO,16,19.277909695198623,-99.14472677739522,4.2967105178229696e-05,"{""type"": ""Polygon"", ""coordinates"": [[[-99.147589314838, 19.2831046193947], [-99.1411579863867, 19.281220310243597], [-99.14207495171848, 19.273956423479095], [-99.14902208357802, 19.273998956646196], [-99.1477147960586, 19.2757763455891], [-99.1496046136956, 19.277232938317205], [-99.1491824638672, 19.278825493883698], [-99.14616265267432, 19.2769172812637], [-99.145097139066, 19.279515947724896], [-99.147589314838, 19.2831046193947]]]}"
12-185,VALLE VERDE,16,19.245805690615985,-99.14343028565767,2.7656618365262597e-05,"{""type"": ""Polygon"", ""coordinates"": [[[-99.1467970253796, 19.244497974643696], [-99.14894030276112, 19.244228493692702], [-99.1478077510949, 19.240772175485898], [-99.15026270034711, 19.245184799847003], [-99.14849087381471, 19.244744043655597], [-99.14177047528338, 19.2489508233658], [-99.13888888888891, 19.245555555555505], [-99.140382526275, 19.24362105279869], [-99.1444902619021, 19.2460243043521], [-99.1467970253796, 19.244497974643696]]]}"
12-186,VERANO,19,19.265170236541973,-99.20049991188448,6.3901081536068435e-06,"{""type"": ""Polygon"", ""coordinates"": [[[-99.2005001737051, 19.2667496837991], [-99.1994790612925, 19.266721233679597], [-99.1989804375586, 19.263050460893403], [-99.2023039867632, 19.2652045167554], [-99.2005001737051, 19.2667496837991]]]}"
12-188,VERGEL DE COYOACAN-VERGEL DEL SUR,16,19.301804814832906,-99.13715750369185,4.754807510898713e-05,"{""type"": ""Polygon"", ""coordinates"": [[[-99.1401337846921, 19.302231043528195], [-99.1348109396515, 19.3082514463762], [-99.1328172148082, 19.307354241251], [-99.1350421176517, 19.3044251636139], [-99.13458723132788, 19.296550300490598], [-99.1425519651308, 19.2996430299145], [-99.1401337846921, 19.302231043528195]]]}"
12-191,VILLA COAPA (RDCIAL),16,19.289652478871513,-99.1189445396458,2.578611411499076e-05,"{""type"": ""Polygon"", ""coordinates"": [[[-99.11838264092991, 19.293006095091197], [-99.11467907610731, 19.289506097458997], [-99.1223340330027, 19.286199949563503], [-99.12211254007721, 19.289340166457297], [-99.11838264092991, 19.293006095091197]]]}"
12-193,VILLA DEL PUENTE FOVISSSTE  (U HAB),16,19.29671879802114,-99.10629453828399,5.342506535280818e-06,"{""type"": ""Polygon"", ""coordinates"": [[[-99.1061531022657, 19.29962655891489], [-99.10552382987738, 19.293666734903997], [-99.1056129810452, 19.2933913269421], [-99.1071457193706, 19.298706538249505], [-99.1061531022657, 19.29962655891489]]]}"
12-194,VILLA LAZARO CARDENAS,16,19.297003205856512,-99.14094521070663,3.876560534681687e-05,"{""type"": ""Polygon"", ""coordinates"": [[[-99.1445483991955, 19.300383910888996], [-99.1425519651308, 19.2996430299145], [-99.1325602988369, 19.295749176547197], [-99.146511051101, 19.295143539357003], [-99.1445483991955, 19.300383910888996]]]}"
12-195,VILLA OLIMPICA LIBERADOR MIGUEL HIDALGO (U HAB),14,19.297431650118334,-99.18722340566006,1.3389157673256772e-05,"{""type"": ""Polygon"", ""coordinates"": [[[-99.19069975334098, 19.2966458102799], [-99.18766205539791, 19.297673883920595], [-99.1875076264144, 19.2995545840093], [-99.1856566122671, 19.300133392250896], [-99.18471954920109, 19.2955559655682], [-99.19069975334098, 19.2966458102799]]]}"
12-198,VISTAS DEL PEDREGAL,14,19.27228718236321,-99.23473644238454,9.028707767618993e-06,"{""type"": ""Polygon"", ""coordinates"": [[[-99.235688402927, 19.272721719550795], [-99.23587140794102, 19.275215133881403], [-99.2338571309654, 19.274353885962004], [-99.23404217945172, 19.269474923862603], [-99.2354272745953, 19.2698100119276], [-99.235688402927, 19.272721719550795]]]}"
12-199,VIVEROS DE COACTETLAN,16,19.243127230587206,-99.15288866636617,4.171379182093733e-05,"{""type"": ""Polygon"", ""coordinates"": [[[-99.1554731908126, 19.240704014989703], [-99.1569205121162, 19.2401294352082], [-99.1560760504366, 19.2453342403721], [-99.15462422697591, 19.2461041440068], [-99.1552375652, 19.2485097423124], [-99.1500467256436, 19.244975029079697], [-99.148814106334, 19.24144105413519], [-99.1515822376827, 19.2388731705473], [-99.1554731908126, 19.240704014989703]]]}"
12-200,XAXALCO,19,19.19232801119248,-99.14150756660752,2.5210617650960082e-05,"{""type"": ""Polygon"", ""coordinates"": [[[-99.1418091881444, 19.188976459276002], [-99.14494721428909, 19.192692568721696], [-99.1430687864143, 19.195703072219096], [-99.1415303652261, 19.19510524214], [-99.140453923569, 19.1966116623796], [-99.1390319091567, 19.188701222610305], [-99.1418091881444, 19.188976459276002]]]}"
12-201,XAXALIPAC,19,19.18713617702515,-99.14369740120951,2.5809576229419425e-05,"{""type"": ""Polygon"", ""coordinates"": [[[-99.1444913009496, 19.180567106988597], [-99.1457052280767, 19.190571786735497], [-99.14438902805351, 19.192348784082995], [-99.14187009877098, 19.1896739848921], [-99.14181790634142, 19.1826698407711], [-99.1444913009496, 19.180567106988597]]]}"
12-202,ZACATIENDA,16,19.258246156357057,-99.16409632387514,8.739881253822822e-06,"{""type"": ""Polygon"", ""coordinates"": [[[-99.1637793194906, 19.2596382398317], [-99.1614058050104, 19.257327361264895], [-99.1655622094421, 19.256819098334], [-99.1647484138797, 19.260422401344496], [-99.1637793194906, 19.2596382398317]]]}"
12-204,ZAPOTE-LUIS DONALDO COLOSIO (U HABS),16,19.29972426164746,-99.17870403947082,3.686516180443962e-06,"{""type"": ""Polygon"", ""coordinates"": [[[-99.1787610131557, 19.301059514138302], [-99.17763916963521, 19.300039099067195], [-99.1797985366571, 19.297988218308895], [-99.17951503602981, 19.300556209727297], [-99.1787610131557, 19.301059514138302]]]}"
